question_id,question,system,answer,accuracy,relevance,conciseness,helpfulness,overall,rationale,evaluation_type
1,Mẫu số 02 thuộc về tổ chức nào?,production_rag,"Mẫu số 02 thuộc về tổ chức, doanh nghiệp.",2,3,4,3,3.0,"The system answer is partially accurate as it identifies that mẫu số 02 is related to organizations or businesses, but it lacks specificity and does not directly reference the correct organization as stated in the reference answer.",simple
1,Mẫu số 02 thuộc về tổ chức nào?,extractive_context_baseline,"**CỘNG HÒA XÃ HỘI CHỦ NGHĨA VIỆT NAM** a) Chủ thể dữ liệu trực tiếp hoặc ủy quyền cho người khác đến trụ sở Bên Kiểm soát dữ liệu cá nhân, Bên Kiểm soát và xử lý dữ liệu cá nhân yêu cầu cung cấp dữ liệu cá nhân. Phiếu yêu cầu cung cấp dữ liệu cá nhân phải được thể hiện bằng tiếng Việt gồm các nội dung chính sau đây:",5,4,3,4,4.0,"The system answer accurately states the organization related to mẫu số 02, which is 'CỘNG HÒA XÃ HỘI CHỦ NGHĨA VIỆT NAM'. However, it includes additional information that, while relevant, may not directly answer the user's question about the organization itself, making it slightly less concise.",simple
2,Ai là người chịu trách nhiệm trước pháp luật về tính chính xác và tính hợp pháp của Hồ sơ đánh giá tác động chuyển dữ liệu cá nhân ra nước ngoài?,production_rag,"Người đại diện của cơ quan, tổ chức, doanh nghiệp là người chịu trách nhiệm trước pháp luật về tính chính xác và tính hợp pháp của Hồ sơ đánh giá tác động chuyển dữ liệu cá nhân ra nước ngoài.",5,5,4,5,4.75,"The system answer accurately identifies the representative of the organization as the person responsible for the legality and accuracy of the data transfer impact assessment, which directly answers the user's question. It is relevant and clear, though it could be slightly more concise by omitting redundant phrases.",simple
2,Ai là người chịu trách nhiệm trước pháp luật về tính chính xác và tính hợp pháp của Hồ sơ đánh giá tác động chuyển dữ liệu cá nhân ra nước ngoài?,extractive_context_baseline,"*(Tên cơ quan, tổ chức, doanh nghiệp)* xin cam kết: Chịu trách nhiệm trước pháp luật về tính chính xác và tính hợp pháp của nội dung thay đổi và tài liệu kèm theo. *(Tên cơ quan, tổ chức, doanh nghiệp)* xin cam kết: Chịu trách nhiệm trước pháp luật về tính chính xác và tính hợp pháp của Hồ sơ đánh giá tác động chuyển dữ liệu cá nhân ra nước ngoài và tài liệu kèm theo. [^13]: Tên tổ chức, doanh nghiệp.",5,5,4,5,4.75,"The system answer accurately identifies the responsible party as the organization or enterprise, which aligns with the reference answer. It is relevant to the user's question about legal responsibility for the accuracy and legality of the data transfer impact assessment. The answer is mostly concise but could be slightly more succinct by avoiding repetition. Overall, it is clear and useful.",simple
3,Chủ thể dữ liệu có quyền gì?,production_rag,"Chủ thể dữ liệu có quyền được biết, đồng ý, truy cập, rút lại sự đồng ý, xóa dữ liệu, hạn chế xử lý dữ liệu, cung cấp dữ liệu, phản đối xử lý dữ liệu, khiếu nại, tố cáo, khởi kiện và yêu cầu bồi thường thiệt hại.",5,5,3,5,4.5,"The system answer accurately lists the rights of data subjects as per legal regulations, making it factually correct and relevant. However, it could be more concise by summarizing the rights instead of listing them all.",simple
3,Chủ thể dữ liệu có quyền gì?,extractive_context_baseline,"**Quyền khiếu nại, tố cáo, khởi kiện**: Chủ thể dữ liệu có quyền khiếu nại, tố cáo hoặc khởi kiện theo quy định của pháp luật. **Quyền yêu cầu bồi thường thiệt hại**: Chủ thể dữ liệu có quyền yêu cầu bồi thường thiệt hại theo quy định của pháp luật khi xảy ra vi phạm quy định về bảo vệ dữ liệu cá nhân của mình, trừ trường hợp các bên có thỏa thuận khác hoặc luật có quy định khác. **Quyền tự bảo vệ**: Chủ thể dữ liệu có quyền tự bảo vệ theo quy định của Bộ luật Dân sự, luật khác có liên quan và Nghị định này, hoặc yêu cầu cơ quan, tổ chức có thẩm quyền thực hiện các phương thức bảo vệ quyền dân sự theo quy định tại Điều 11 Bộ luật Dân sự.",5,5,4,5,4.75,"The system answer accurately details the rights of data subjects as per legal regulations, directly addressing the user's question. It is relevant and provides specific examples of rights, enhancing its helpfulness. However, it could be slightly more concise by summarizing some points.",simple
4,"Ủy ban nhân dân các tỉnh, thành phố trực thuộc trung ương có trách nhiệm gì trong việc bảo vệ dữ liệu cá nhân?",production_rag,"Ủy ban nhân dân các tỉnh, thành phố trực thuộc trung ương có trách nhiệm thực hiện quản lý nhà nước đối với bảo vệ dữ liệu cá nhân, triển khai các quy định về bảo vệ dữ liệu cá nhân, bố trí kinh phí cho hoạt động này và ban hành Danh mục dữ liệu mở phù hợp với quy định bảo vệ dữ liệu cá nhân.",5,5,4,5,4.75,"The system answer accurately reflects the responsibilities of local government bodies regarding personal data protection as stated in the reference. It is relevant to the user's question and provides additional details about the responsibilities, making it helpful. However, it could be slightly more concise by omitting less critical details.",simple
4,"Ủy ban nhân dân các tỉnh, thành phố trực thuộc trung ương có trách nhiệm gì trong việc bảo vệ dữ liệu cá nhân?",extractive_context_baseline,"Thực hiện quản lý nhà nước đối với bảo vệ dữ liệu cá nhân đối với các ngành, lĩnh vực quản lý theo quy định của pháp luật về bảo vệ dữ liệu cá nhân. Tham gia tương trợ tư pháp về bảo vệ dữ liệu cá nhân của các quốc gia khác, bao gồm thông báo, đề nghị khiếu nại, trợ giúp điều tra và trao đổi thông tin, với các biện pháp bảo vệ thích hợp để bảo vệ dữ liệu cá nhân. Tổ chức các hội nghị, hội thảo, nghiên cứu khoa học và thúc đẩy các hoạt động hợp tác quốc tế trong việc thực thi pháp luật để bảo vệ dữ liệu cá nhân.",5,5,3,5,4.5,"The system answer accurately reflects the responsibilities of local governments in protecting personal data as outlined in the reference. It is relevant to the user's question, providing a comprehensive overview of the responsibilities. However, it could be more concise, as it includes additional details that may not be necessary for a direct answer.",simple
5,Ai đã gửi Hồ sơ đánh giá tác động chuyển dữ liệu cá nhân ra nước ngoài cho Bộ Công an?,production_rag,Khong tim thay.,1,1,5,1,2.0,"The system answer does not provide any information regarding who submitted the personal data transfer impact assessment to the Ministry of Public Security, making it factually incorrect and irrelevant to the user's question. While it is concise, it lacks any helpful content.",simple
5,Ai đã gửi Hồ sơ đánh giá tác động chuyển dữ liệu cá nhân ra nước ngoài cho Bộ Công an?,extractive_context_baseline,"h) Có văn bản thể hiện sự ràng buộc, trách nhiệm giữa các tổ chức, cá nhân chuyển và nhận dữ liệu cá nhân của Công dân Việt Nam về việc xử lý dữ liệu cá nhân.",1,1,2,1,1.25,"The system answer does not address the question about who submitted the personal data transfer impact assessment to the Ministry of Public Security. Instead, it provides unrelated information about responsibilities regarding personal data handling.",simple
6,Có bao nhiêu tài liệu kèm theo?,production_rag,Không tìm thấy.,1,1,5,1,2.0,"The system answer does not provide any information regarding the number of accompanying documents, which is the user's question. It is factually incorrect and irrelevant.",simple
6,Có bao nhiêu tài liệu kèm theo?,extractive_context_baseline,#### 4.,1,1,5,1,2.0,"The system answer '#### 4.' is not factually correct as it does not match the reference answer '2'. It also does not address the user's question about the number of accompanying documents, making it irrelevant. While it is concise, it lacks clarity and usefulness.",simple
7,Việc bảo vệ dữ liệu cá nhân ở Việt Nam được thực hiện theo quy định nào?,production_rag,Không tìm thấy.,1,1,5,1,2.0,"The system answer does not provide any information regarding the regulations for personal data protection in Vietnam, making it factually incorrect and unhelpful.",simple
7,Việc bảo vệ dữ liệu cá nhân ở Việt Nam được thực hiện theo quy định nào?,extractive_context_baseline,"**Chuyển dữ liệu cá nhân ra nước ngoài** là hoạt động sử dụng không gian mạng, thiết bị, phương tiện điện tử hoặc các hình thức khác chuyển dữ liệu cá nhân của công dân Việt Nam tới một địa điểm nằm ngoài lãnh thổ của nước Cộng hòa xã hội chủ nghĩa Việt Nam hoặc sử dụng một địa điểm nằm ngoài lãnh thổ của nước Cộng hòa xã hội chủ nghĩa Việt Nam để xử lý dữ liệu cá nhân của công dân Việt Nam, bao gồm: b) Xử lý dữ liệu cá nhân của công dân Việt Nam bằng các hệ thống tự động nằm ngoài lãnh thổ của nước Cộng hòa xã hội chủ nghĩa Việt Nam của Bên Kiểm soát dữ liệu cá nhân, Bên Kiểm soát và xử lý dữ liệu cá nhân, Bên Xử lý dữ liệu cá nhân phù hợp với mục đích đã được chủ thể dữ liệu đồng ý. Sau khi thực hiện quy định tại khoản 2 Điều này, Bên Kiểm soát dữ liệu, Bên Xử lý dữ liệu, Bên Kiểm soát và xử lý dữ liệu, Bên thứ ba phải ngừng và yêu cầu các tổ chức, cá nhân có liên quan ngừng xử lý dữ...",2,2,2,2,2.0,The system answer provides information about the transfer of personal data outside of Vietnam but does not directly address the specific regulations governing personal data protection in Vietnam as requested in the question. It lacks clarity and relevance to the user's inquiry.,simple
8,"Ai là người đôn đốc, kiểm tra, hướng dẫn việc thực hiện Nghị định này?",production_rag,"Bộ trưởng Bộ Công an là người đôn đốc, kiểm tra, hướng dẫn việc thực hiện Nghị định này.",5,5,5,5,5.0,"The system answer accurately identifies the Minister of Public Security as the person responsible for overseeing the implementation of the decree, which directly answers the user's question. It is concise and clear, providing the necessary information without any extraneous details.",simple
8,"Ai là người đôn đốc, kiểm tra, hướng dẫn việc thực hiện Nghị định này?",extractive_context_baseline,"Bộ trưởng Bộ Công an đôn đốc, kiểm tra, hướng dẫn việc thực hiện Nghị định này. Bộ trưởng, Thủ trưởng cơ quan ngang bộ, Thủ trưởng cơ quan thuộc Chính phủ, Chủ tịch Ủy ban nhân dân các tỉnh, thành phố trực thuộc trung ương chịu trách nhiệm thi hành Nghị định này. Phối hợp với Bộ Công an trong thanh tra, kiểm tra, xử lý vi phạm pháp luật về bảo vệ dữ liệu cá nhân.",5,5,3,5,4.5,"The system answer accurately identifies the Bộ trưởng Bộ Công an as the person responsible for overseeing the implementation of the decree, which aligns with the reference answer. It is relevant to the user's question and provides additional context about other responsible parties, enhancing its helpfulness. However, it could be more concise by omitting some of the extra details that are not directly related to the question.",simple
9,Hoạt động bảo vệ dữ liệu cá nhân là gì?,production_rag,Không tìm thấy.,1,1,1,1,1.0,"The system answer does not provide any information or explanation regarding the user's question about the activities related to personal data protection, making it completely unhelpful and irrelevant.",simple
9,Hoạt động bảo vệ dữ liệu cá nhân là gì?,extractive_context_baseline,"**Xử lý dữ liệu cá nhân** là một hoặc nhiều hoạt động tác động tới dữ liệu cá nhân, như: thu thập, ghi, phân tích, xác nhận, lưu trữ, chỉnh sửa, công khai, kết hợp, truy cập, truy xuất, thu hồi, mã hóa, giải mã, sao chép, chia sẻ, truyền đưa, cung cấp, chuyển giao, xóa, hủy dữ liệu cá nhân hoặc các hành động khác có liên quan. **Xử lý dữ liệu cá nhân tự động** là hình thức xử lý dữ liệu cá nhân được thực hiện bằng phương tiện điện tử nhằm đánh giá, phân tích, dự đoán hoạt động của một con người cụ thể, như: thói quen, sở thích, mức độ tin cậy, hành vi, địa điểm, xu hướng, năng lực và các trường hợp khác. Áp dụng Nghị định bảo vệ dữ liệu cá nhân, các luật liên quan và Điều ước quốc tế",3,4,2,3,3.0,"The system answer provides a detailed explanation of personal data processing activities, which is related to the user's question about personal data protection activities. However, it does not directly define or explain what 'hoạt động bảo vệ dữ liệu cá nhân' is, leading to a lower accuracy score. The answer is somewhat relevant and helpful but could be more concise.",simple
10,Các biện pháp bảo vệ dữ liệu cá nhân bao gồm những gì?,production_rag,"Các biện pháp bảo vệ dữ liệu cá nhân bao gồm:

a) Biện pháp quản lý do tổ chức, cá nhân có liên quan tới xử lý dữ liệu cá nhân thực hiện;

b) Biện pháp kỹ thuật do tổ chức, cá nhân có liên quan tới xử lý dữ liệu cá nhân thực hiện;

c) Biện pháp do cơ quan quản lý nhà nước có thẩm quyền thực hiện theo quy định của Nghị định và pháp luật có liên quan;

d) Biện pháp điều tra, tố tụng do cơ quan nhà nước có thẩm quyền thực hiện;

đ) Các biện pháp khác theo quy định của pháp luật.",5,5,4,5,4.75,"The system answer accurately lists the measures for protecting personal data as mentioned in the reference answer, providing a detailed breakdown of each category. It is relevant to the user's question and clear in its presentation. However, it could be slightly more concise by avoiding repetition in the phrasing.",simple
10,Các biện pháp bảo vệ dữ liệu cá nhân bao gồm những gì?,extractive_context_baseline,"c) Biện pháp do cơ quan quản lý nhà nước có thẩm quyền thực hiện theo quy định của Nghị định này và pháp luật có liên quan; d) Biện pháp điều tra, tố tụng do cơ quan nhà nước có thẩm quyền thực hiện; đ) Các biện pháp khác theo quy định của pháp luật.",4,4,3,4,3.75,"The system answer provides relevant information about measures to protect personal data, aligning with the reference answer. However, it lacks a comprehensive overview and is somewhat repetitive, which affects conciseness.",simple
11,Mẫu số nào được ban hành kèm theo Thông tư số 80/2021/TT-BTC?,production_rag,Mẫu số 01 được ban hành kèm theo Thông tư số 80/2021/TT-BTC.,5,5,5,5,5.0,"The system answer accurately states the model number (01) associated with the referenced circular (Thông tư số 80/2021/TT-BTC). It directly answers the user's question, is concise, and provides clear information.",simple
11,Mẫu số nào được ban hành kèm theo Thông tư số 80/2021/TT-BTC?,extractive_context_baseline,**Mẫu số: 01/GTGT** # CỘNG HÒA XÃ HỘI CHỦ NGHĨA VIỆT NAM **Độc lập - Tự do - Hạnh phúc**,5,5,4,5,4.75,"The system answer correctly identifies the mẫu số (01/GTGT) as stated in the reference. It is relevant to the user's question and provides the necessary information. However, the additional text about the socialist republic of Vietnam, while not irrelevant, adds some unnecessary length.",simple
12,Đánh giá tác động và chuyển dữ liệu cá nhân ra nước ngoài liên quan đến vấn đề gì?,production_rag,"Đánh giá tác động và chuyển dữ liệu cá nhân ra nước ngoài liên quan đến việc đảm bảo an toàn, bảo mật và tuân thủ quy định pháp luật về bảo vệ dữ liệu cá nhân của công dân Việt Nam khi dữ liệu được xử lý và chuyển giao ra ngoài lãnh thổ.",5,5,4,5,4.75,"The system answer accurately addresses the question by explaining the implications of assessing the impact and transferring personal data abroad, specifically focusing on safety, security, and legal compliance regarding personal data protection. It is relevant and clear, though it could be slightly more concise.",simple
12,Đánh giá tác động và chuyển dữ liệu cá nhân ra nước ngoài liên quan đến vấn đề gì?,extractive_context_baseline,"Dữ liệu cá nhân của công dân Việt Nam được chuyển ra nước ngoài trong trường hợp Bên chuyển dữ liệu ra nước ngoài lập Hồ sơ đánh giá tác động chuyển dữ liệu cá nhân ra nước ngoài và thực hiện các thủ tục theo quy định tại khoản 3, 4 và 5 Điều này. Hồ sơ đánh giá tác động chuyển dữ liệu cá nhân ra nước ngoài, gồm: Hồ sơ đánh giá tác động chuyển dữ liệu cá nhân ra nước ngoài phải luôn có sẵn để phục vụ hoạt động kiểm tra, đánh giá của Bộ Công an.",4,4,3,4,3.75,"The system answer provides relevant information about the assessment of impact and the process of transferring personal data abroad, which aligns with the user's question. However, it could be more concise by omitting some repetitive details about the documentation required. Overall, it is accurate and helpful.",simple
13,Mẫu số 03 thuộc tổ chức nào?,production_rag,"Mẫu số 03 thuộc tổ chức, doanh nghiệp.",2,3,4,3,3.0,"The system answer is partially accurate as it does not specify the correct organization related to Mẫu số 03, which is 'CỘNG HÒA XÃ HỘI CHỦ NGHĨA VIỆT NAM'. It is somewhat relevant but lacks specificity. The answer is concise but not fully helpful due to the lack of detail.",simple
13,Mẫu số 03 thuộc tổ chức nào?,extractive_context_baseline,# CỘNG HÒA XÃ HỘI CHỦ NGHĨA VIỆT NAM ## PHỤ LỤC *(Kèm theo Nghị định số 13/2023/NĐ-CP ngày 17 tháng 4 năm 2023 của Chính phủ)*,5,5,4,5,4.75,"The system answer accurately identifies the organization related to Mẫu số 03 as 'CỘNG HÒA XÃ HỘI CHỦ NGHĨA VIỆT NAM' and provides additional context by referencing a specific decree, which enhances its relevance and helpfulness. It is slightly less concise due to the extra details, but they are pertinent.",simple
14,Điều 36 quy định trách nhiệm của ai trong việc bảo vệ dữ liệu cá nhân?,production_rag,"Điều 36 quy định trách nhiệm của bộ, cơ quan ngang bộ, cơ quan thuộc Chính phủ trong việc bảo vệ dữ liệu cá nhân.",5,5,5,5,5.0,"The system answer accurately reflects the information from the reference answer, directly addressing the user's question about who is responsible for personal data protection according to Article 36. It is relevant, concise, and clearly conveys the necessary information.",simple
14,Điều 36 quy định trách nhiệm của ai trong việc bảo vệ dữ liệu cá nhân?,extractive_context_baseline,"Trách nhiệm của bộ, cơ quan ngang bộ, cơ quan thuộc Chính phủ Trong trường hợp có tranh chấp, trách nhiệm chứng minh sự đồng ý của chủ thể dữ liệu thuộc về Bên Kiểm soát dữ liệu cá nhân, Bên Kiểm soát và xử lý dữ liệu cá nhân. b) Chi tiết liên lạc của nhân viên được giao nhiệm vụ bảo vệ dữ liệu hoặc tổ chức, cá nhân chịu trách nhiệm bảo vệ dữ liệu cá nhân;",4,5,3,4,4.0,"The system answer accurately identifies the responsible parties as stated in the reference answer, but it includes additional details that, while relevant, make it less concise. It answers the user's question directly and provides useful context about data protection responsibilities.",simple
15,Mục nào trong tài liệu được đề cập?,production_rag,"Tài liệu đề cập đến quy trình yêu cầu cung cấp dữ liệu cá nhân và cam kết của tổ chức, doanh nghiệp về tính chính xác và hợp pháp của thông tin cung cấp.",2,3,2,3,2.5,"The system answer does not directly address the specific question about which section of the document is mentioned, instead providing a general overview of the content. This makes it less accurate and concise. However, it is somewhat relevant as it discusses the document's content.",simple
15,Mục nào trong tài liệu được đề cập?,extractive_context_baseline,"d) Lý do, mục đích yêu cầu cung cấp dữ liệu cá nhân. a) Chủ thể dữ liệu trực tiếp hoặc ủy quyền cho người khác đến trụ sở Bên Kiểm soát dữ liệu cá nhân, Bên Kiểm soát và xử lý dữ liệu cá nhân yêu cầu cung cấp dữ liệu cá nhân. Người tiếp nhận yêu cầu có trách nhiệm hướng dẫn tổ chức, cá nhân yêu cầu điền các nội dung vào Phiếu yêu cầu cung cấp dữ liệu cá nhân.",2,2,2,2,2.0,"The system answer does not directly address the question about which section of the document is mentioned. It provides information that seems related to data requests but does not specify 'Mục 3' as the reference answer does. Therefore, it lacks accuracy and relevance to the user's question.",simple
16,Chương nào được đề cập trong tài liệu?,production_rag,Khong tim thay.,1,1,5,1,2.0,The system answer does not provide any relevant information regarding the chapter mentioned in the reference answer. It fails to address the user's question and is factually incorrect.,simple
16,Chương nào được đề cập trong tài liệu?,extractive_context_baseline,"a) Chủ thể dữ liệu trực tiếp hoặc ủy quyền cho người khác đến trụ sở Bên Kiểm soát dữ liệu cá nhân, Bên Kiểm soát và xử lý dữ liệu cá nhân yêu cầu cung cấp dữ liệu cá nhân. Người tiếp nhận yêu cầu có trách nhiệm hướng dẫn tổ chức, cá nhân yêu cầu điền các nội dung vào Phiếu yêu cầu cung cấp dữ liệu cá nhân. Trường hợp tổ chức, cá nhân yêu cầu cung cấp thông tin không biết chữ hoặc bị khuyết tật không thể viết yêu cầu thì người tiếp nhận yêu cầu cung cấp thông tin có trách nhiệm giúp điền các nội dung vào Phiếu yêu cầu cung cấp dữ liệu cá nhân;",1,1,2,1,1.25,"The system answer does not address the user's question about which chapter is mentioned in the document. Instead, it provides unrelated information about data request procedures, making it irrelevant and unhelpful. Additionally, it is not concise as it includes unnecessary details.",simple
17,Bảo vệ dữ liệu cá nhân trong quá trình xử lý dữ liệu cá nhân là gì?,production_rag,"Bảo vệ dữ liệu cá nhân là hoạt động phòng ngừa, phát hiện, ngăn chặn, xử lý hành vi vi phạm liên quan đến dữ liệu cá nhân theo quy định của pháp luật.",4,5,4,4,4.25,"The system answer accurately describes the protection of personal data in the context of legal compliance, which is relevant to the user's question. However, it could be more aligned with the reference answer by explicitly mentioning the safety and security aspect of personal information.",simple
17,Bảo vệ dữ liệu cá nhân trong quá trình xử lý dữ liệu cá nhân là gì?,extractive_context_baseline,"Phối hợp với Bộ Công an, cơ quan nhà nước có thẩm quyền trong bảo vệ dữ liệu cá nhân, cung cấp thông tin phục vụ điều tra, xử lý hành vi vi phạm quy định của pháp luật về bảo vệ dữ liệu cá nhân. h) Thông tin khách hàng của tổ chức tín dụng, chi nhánh ngân hàng nước ngoài, tổ chức cung ứng dịch vụ trung gian thanh toán, các tổ chức được phép khác, gồm thông tin định danh khách hàng theo quy định của pháp luật, thông tin về tài khoản, thông tin về tiền gửi, thông tin về tài sản gửi, thông tin về giao dịch, thông tin về tổ chức, cá nhân là bên bảo đảm tại tổ chức tín dụng, chi nhánh ngân hàng, tổ chức cung ứng dịch vụ trung gian thanh toán; Thực hiện các biện pháp tổ chức và kỹ thuật cùng các biện pháp an toàn, bảo mật phù hợp để chứng minh các hoạt động xử lý dữ liệu đã được thực hiện theo quy định của pháp luật về bảo vệ dữ liệu cá nhân, rà soát và cập nhật các biện pháp này khi cần...",2,2,1,2,1.75,"The system answer does not directly define what personal data protection is in the context of processing personal data, which is the core of the user's question. Instead, it provides information about coordination with authorities and specific measures, which is not the same as defining the concept. The answer is lengthy and contains excessive detail that does not address the user's inquiry.",simple
18,Trong bao lâu Bên Kiểm soát dữ liệu cá nhân phải thực hiện việc cung cấp dữ liệu cá nhân sau khi có yêu cầu của chủ thể dữ liệu?,production_rag,Bên Kiểm soát dữ liệu cá nhân phải thực hiện việc cung cấp dữ liệu cá nhân trong 72 giờ sau khi có yêu cầu của chủ thể dữ liệu.,5,5,5,5,5.0,"The system answer is factually correct, directly answers the user's question, is concise, and provides clear information.",simple
18,Trong bao lâu Bên Kiểm soát dữ liệu cá nhân phải thực hiện việc cung cấp dữ liệu cá nhân sau khi có yêu cầu của chủ thể dữ liệu?,extractive_context_baseline,"Việc cung cấp dữ liệu cá nhân của chủ thể dữ liệu được Bên Kiểm soát dữ liệu cá nhân, Bên Kiểm soát và xử lý dữ liệu cá nhân thực hiện trong 72 giờ sau khi có yêu cầu của chủ thể dữ liệu, trừ trường hợp luật có quy định khác. Trường hợp không thể thực hiện thì thông báo tới chủ thể dữ liệu sau 72 giờ kể khi nhận được yêu cầu chỉnh sửa dữ liệu cá nhân của chủ thể dữ liệu. Chủ thể dữ liệu được yêu cầu Bên Kiểm soát dữ liệu cá nhân, Bên Kiểm soát và xử lý dữ liệu cá nhân cung cấp cho bản thân dữ liệu cá nhân của mình.",5,5,4,5,4.75,"The system answer accurately states that the data controller must provide personal data within 72 hours of the request, which aligns with the reference answer. It is relevant to the user's question and provides additional context about the process. However, it could be slightly more concise by omitting some repetitive phrases.",simple
19,Bên Xử lý dữ liệu cá nhân có trách nhiệm gì sau khi kết thúc xử lý dữ liệu?,production_rag,"Bên Xử lý dữ liệu cá nhân có trách nhiệm xóa, trả lại toàn bộ dữ liệu cá nhân cho Bên Kiểm soát dữ liệu cá nhân sau khi kết thúc xử lý dữ liệu.",5,5,5,5,5.0,"The system answer is factually correct, directly addresses the user's question, is concise, and provides clear and useful information.",simple
19,Bên Xử lý dữ liệu cá nhân có trách nhiệm gì sau khi kết thúc xử lý dữ liệu?,extractive_context_baseline,"Xóa, trả lại toàn bộ dữ liệu cá nhân cho Bên Kiểm soát dữ liệu cá nhân sau khi kết thúc xử lý dữ liệu. a) Chủ thể dữ liệu đã biết rõ và đồng ý toàn bộ với nội dung quy định tại khoản 1 và khoản 2 Điều này trước khi đồng ý cho Bên Kiểm soát dữ liệu cá nhân, Bên Kiểm soát và xử lý dữ liệu cá nhân tiến hành thu thập dữ liệu cá nhân, phù hợp với các quy định tại Điều 9 Nghị định này; Chỉ tiếp nhận dữ liệu cá nhân sau khi có hợp đồng hoặc thỏa thuận về xử lý dữ liệu với Bên Kiểm soát dữ liệu cá nhân.",5,4,3,4,4.0,"The system answer accurately reflects the responsibility of the data processor to delete or return personal data after processing, as stated in the reference answer. However, it includes additional information that, while relevant, makes the response less concise. The extra details about consent and agreements are somewhat relevant but not directly answering the user's question, which affects the relevance and conciseness scores.",simple
20,Mẫu số 05 thuộc về tổ chức nào?,production_rag,"Mẫu số 05 thuộc về Bên Kiểm soát dữ liệu cá nhân, Bên Kiểm soát và xử lý dữ liệu cá nhân, Bên Xử lý dữ liệu cá nhân.",2,3,3,3,2.75,"The system answer provides information about the parties involved with Mẫu số 05 but does not directly answer the question regarding which organization it belongs to. The reference answer indicates a specific organization, which is not addressed in the system answer.",simple
20,Mẫu số 05 thuộc về tổ chức nào?,extractive_context_baseline,"h) Có văn bản thể hiện sự ràng buộc, trách nhiệm giữa các tổ chức, cá nhân chuyển và nhận dữ liệu cá nhân của Công dân Việt Nam về việc xử lý dữ liệu cá nhân. ## PHỤ LỤC *(Kèm theo Nghị định số 13/2023/NĐ-CP ngày 17 tháng 4 năm 2023 của Chính phủ)*",1,1,2,1,1.25,"The system answer does not address the question about 'Mẫu số 05' and its associated organization. Instead, it provides unrelated information about data processing responsibilities, making it irrelevant and unhelpful.",simple
21,Mẫu số 01 thuộc về tổ chức nào?,production_rag,Mẫu số 01 thuộc về cá nhân.,1,2,3,2,2.0,"The system answer is factually incorrect as it states that Mẫu số 01 belongs to an individual, while the reference indicates it belongs to a socialist republic. The relevance is low because it does not answer the user's question correctly. The answer is somewhat concise but lacks the necessary information to be helpful.",simple
21,Mẫu số 01 thuộc về tổ chức nào?,extractive_context_baseline,"# CỘNG HÒA XÃ HỘI CHỦ NGHĨA VIỆT NAM h) Có văn bản thể hiện sự ràng buộc, trách nhiệm giữa các tổ chức, cá nhân chuyển và nhận dữ liệu cá nhân của Công dân Việt Nam về việc xử lý dữ liệu cá nhân. ## PHỤ LỤC",3,3,2,3,2.75,The system answer provides the correct organization but includes additional information that is not directly relevant to the question. It is somewhat accurate but not concise.,simple
22,Giá trị thuế giá trị gia tăng còn được khấu trừ kỳ trước chuyển sang là bao nhiêu?,production_rag,Giá trị thuế giá trị gia tăng còn được khấu trừ kỳ trước chuyển sang là **77.377.803**.,5,5,5,5,5.0,"The system answer is factually correct, directly answers the user's question, is concise, and provides clear information.",simple
22,Giá trị thuế giá trị gia tăng còn được khấu trừ kỳ trước chuyển sang là bao nhiêu?,extractive_context_baseline,"| **B** | Thuế giá trị gia tăng còn được khấu trừ kỳ trước chuyển sang | [22] | | **77.377.803** | ## NỘI DUNG KÊ KHAI | STT | Chỉ tiêu | Mã chỉ tiêu | Giá trị hàng hóa, dịch vụ (chưa có thuế GTGT) | Thuế giá trị gia tăng |",5,5,5,5,5.0,"The system answer provides the exact value of the value-added tax (VAT) that can be carried forward from the previous period, which matches the reference answer perfectly. It is directly relevant to the user's question, is concise, and clearly presents the information.",simple
23,Chương nào được đề cập trong văn bản?,production_rag,Không tìm thấy.,1,1,5,1,2.0,"The system answer does not provide any relevant information regarding the chapter mentioned in the question, making it factually incorrect and unhelpful.",simple
23,Chương nào được đề cập trong văn bản?,extractive_context_baseline,### Điều 11. Sự đồng ý của chủ thể dữ liệu 1.,1,1,2,1,1.25,"The system answer does not address the user's question about which chapter is mentioned in the text. Instead, it provides information about a specific article, which is irrelevant to the question. Additionally, it is not concise as it does not relate to the user's inquiry.",simple
24,Ai là nhân sự chịu trách nhiệm bảo vệ dữ liệu cá nhân?,production_rag,"Nhân sự chịu trách nhiệm bảo vệ dữ liệu cá nhân được chỉ định trong bộ phận có chức năng bảo vệ dữ liệu cá nhân của cơ quan, tổ chức, doanh nghiệp.",5,5,4,5,4.75,"The system answer accurately identifies that the personnel responsible for personal data protection are designated within the department that has the function of protecting personal data in organizations. It directly answers the user's question and is clear and useful, though it could be slightly more concise.",simple
24,Ai là nhân sự chịu trách nhiệm bảo vệ dữ liệu cá nhân?,extractive_context_baseline,### Điều 28. Bảo vệ dữ liệu cá nhân nhạy cảm 1.,1,1,2,1,1.25,"The system answer does not provide a specific individual or role responsible for personal data protection, which is what the user is asking for. Instead, it references a legal provision without context or clarity, making it irrelevant and unhelpful.",simple
25,Giá trị thuế GTGT phát sinh trong kỳ là bao nhiêu?,production_rag,Giá trị thuế GTGT phát sinh trong kỳ là **129.511.633**.,5,5,5,5,5.0,"The system answer is factually correct, directly answers the user's question, is concise, and clearly presents the information needed.",simple
25,Giá trị thuế GTGT phát sinh trong kỳ là bao nhiêu?,extractive_context_baseline,"| Thuế GTGT phát sinh trong kỳ ([36]=[35]-[25]) | [36] | **129.511.633** | #### IV. Điều chỉnh tăng, giảm thuế GTGT còn được khấu trừ của các kỳ trước",5,5,5,5,5.0,"The system answer provides the exact value of the VAT (Giá trị thuế GTGT) that arose during the period, which is directly relevant to the user's question. It is concise and clearly presented, making it easy for the user to understand.",simple
26,Ai cần phải đồng ý để xử lý dữ liệu cá nhân của người bị tuyên bố mất tích hoặc đã chết?,production_rag,"Vợ, chồng hoặc con thành niên của người đó cần phải đồng ý. Nếu không có những người này, thì cần sự đồng ý của cha, mẹ của người bị tuyên bố mất tích hoặc đã chết.",5,5,5,5,5.0,"The system answer accurately reflects the information provided in the reference answer, addressing the question directly and succinctly while maintaining clarity.",reasoning
26,Ai cần phải đồng ý để xử lý dữ liệu cá nhân của người bị tuyên bố mất tích hoặc đã chết?,extractive_context_baseline,"Việc xử lý dữ liệu cá nhân liên quan đến dữ liệu cá nhân của người bị tuyên bố mất tích, người đã chết phải được sự đồng ý của vợ, chồng hoặc con thành niên của người đó, trường hợp không có những người này thì phải được sự đồng ý của cha, mẹ của người bị tuyên bố mất tích, người đã chết, trừ trường hợp quy định tại Điều 17 và Điều 18 Nghị định này. Xử lý dữ liệu cá nhân của người bị tuyên bố mất tích, đã chết Trường hợp không có tất cả những người được nêu tại khoản 1 Điều này thì được coi là không có sự đồng ý.",5,5,4,5,4.75,"The system answer accurately reflects the reference answer regarding who needs to consent for processing personal data of missing or deceased individuals. It is relevant to the user's question and provides a clear explanation. However, it could be slightly more concise by omitting the reference to specific articles, which may not be necessary for understanding.",reasoning
27,Có bao nhiêu chỉ tiêu điều chỉnh thuế GTGT trong bảng trên?,production_rag,Có 3 chỉ tiêu điều chỉnh thuế GTGT trong bảng trên.,1,5,5,1,3.0,"The system answer is factually incorrect as it states there are 3 indicators, while the reference answer correctly states there are 2.",reasoning
27,Có bao nhiêu chỉ tiêu điều chỉnh thuế GTGT trong bảng trên?,extractive_context_baseline,"| STT | Chỉ tiêu | Mã chỉ tiêu | Giá trị hàng hóa, dịch vụ (chưa có thuế GTGT) | Thuế giá trị gia tăng | | STT | Chỉ tiêu | Mã chỉ tiêu | Giá trị | Mã thuế | Thuế GTGT | | STT | Chỉ tiêu | Mã chỉ tiêu | Giá trị | Mã thuế | Thuế GTGT |",1,1,1,1,1.0,"The system answer does not provide a clear response to the question about the number of VAT adjustment indicators. Instead, it presents a table format without any relevant information or a direct answer, making it factually incorrect, irrelevant, overly verbose, and unhelpful.",reasoning
28,Chủ thể dữ liệu có quyền gì nếu họ muốn ngăn chặn việc sử dụng dữ liệu cá nhân cho mục đích quảng cáo?,production_rag,"Chủ thể dữ liệu có quyền phản đối việc Bên Kiểm soát dữ liệu cá nhân sử dụng dữ liệu cá nhân của mình cho mục đích quảng cáo, tiếp thị.",5,5,5,5,5.0,"The system answer accurately reflects the rights of data subjects regarding the objection to the use of personal data for advertising purposes, aligning well with the reference answer. It is relevant, concise, and clearly communicates the necessary information.",reasoning
28,Chủ thể dữ liệu có quyền gì nếu họ muốn ngăn chặn việc sử dụng dữ liệu cá nhân cho mục đích quảng cáo?,extractive_context_baseline,"a) Chủ thể dữ liệu được phản đối Bên Kiểm soát dữ liệu cá nhân, Bên Kiểm soát và xử lý dữ liệu cá nhân xử lý dữ liệu cá nhân của mình nhằm ngăn chặn hoặc hạn chế tiết lộ dữ liệu cá nhân hoặc sử dụng cho mục đích quảng cáo, tiếp thị, trừ trường hợp luật có quy định khác; Tổ chức, cá nhân kinh doanh dịch vụ tiếp thị, giới thiệu sản phẩm quảng cáo chỉ được sử dụng dữ liệu cá nhân của khách hàng được thu thập qua hoạt động kinh doanh của mình để kinh doanh dịch vụ tiếp thị, giới thiệu sản phẩm quảng cáo khi có sự đồng ý của chủ thể dữ liệu. b) Dữ liệu cá nhân bị xử lý sai mục đích, không đúng thỏa thuận ban đầu giữa chủ thể dữ liệu và Bên Kiểm soát dữ liệu cá nhân, Bên Kiểm soát và xử lý dữ liệu cá nhân hoặc vi phạm quy định của pháp luật;",5,5,3,4,4.25,"The system answer accurately reflects the rights of data subjects regarding the use of personal data for advertising purposes, aligning well with the reference answer. It is relevant to the user's question and provides additional context about consent and misuse of data. However, it could be more concise, as it includes some repetitive elements and legal nuances that may not be necessary for a straightforward answer.",reasoning
29,Cơ quan nào chịu trách nhiệm quản lý nhà nước về bảo vệ dữ liệu cá nhân?,production_rag,"Cơ quan chịu trách nhiệm quản lý nhà nước về bảo vệ dữ liệu cá nhân là Cục An ninh mạng và phòng, chống tội phạm sử dụng công nghệ cao - Bộ Công an.",5,5,5,5,5.0,"The system answer accurately reflects the information provided in the reference answer, directly addresses the user's question, is concise, and provides clear and useful information.",reasoning
29,Cơ quan nào chịu trách nhiệm quản lý nhà nước về bảo vệ dữ liệu cá nhân?,extractive_context_baseline,"Cơ quan chuyên trách bảo vệ dữ liệu cá nhân là Cục An ninh mạng và phòng, chống tội phạm sử dụng công nghệ cao - Bộ Công an, có trách nhiệm giúp Bộ Công an thực hiện quản lý nhà nước về bảo vệ dữ liệu cá nhân. Cơ quan chuyên trách bảo vệ dữ liệu cá nhân và Cổng thông tin quốc gia về bảo vệ dữ liệu cá nhân a) Lực lượng chuyên trách bảo vệ dữ liệu cá nhân được bố trí tại Cơ quan chuyên trách bảo vệ dữ liệu cá nhân;",5,5,3,5,4.5,"The system answer accurately identifies the responsible agency for personal data protection and provides additional context about its role, which is relevant and helpful. However, it could be more concise by omitting repetitive information.",reasoning
30,Bên Kiểm soát dữ liệu cá nhân có trách nhiệm gì khi xảy ra hành vi vi phạm quy định về bảo vệ dữ liệu cá nhân?,production_rag,"Bên Kiểm soát dữ liệu cá nhân có trách nhiệm thông báo cho Bộ Công an (Cục An ninh mạng và phòng, chống tội phạm sử dụng công nghệ cao) trong vòng 72 giờ sau khi phát hiện vi phạm, lập Biên bản xác nhận về việc xảy ra hành vi vi phạm và phối hợp với Bộ Công an để xử lý hành vi vi phạm.",5,5,4,5,4.75,"The system answer accurately describes the responsibilities of the data controller in the event of a personal data breach, including notifying the Ministry of Public Security and the timeframe for doing so. It is relevant to the user's question and provides clear and useful information. However, it could be slightly more concise by omitting some details without losing essential information.",reasoning
30,Bên Kiểm soát dữ liệu cá nhân có trách nhiệm gì khi xảy ra hành vi vi phạm quy định về bảo vệ dữ liệu cá nhân?,extractive_context_baseline,"Trường hợp phát hiện xảy ra vi phạm quy định bảo vệ dữ liệu cá nhân, Bên Kiểm soát dữ liệu cá nhân, Bên Kiểm soát và xử lý dữ liệu cá nhân thông báo cho Bộ Công an (Cục An ninh mạng và phòng, chống tội phạm sử dụng công nghệ cao) chậm nhất 72 giờ sau khi xảy ra hành vi vi phạm theo Mẫu số 03 tại Phụ lục của Nghị định này. Phối hợp với Bộ Công an, cơ quan nhà nước có thẩm quyền trong bảo vệ dữ liệu cá nhân, cung cấp thông tin phục vụ điều tra, xử lý hành vi vi phạm quy định của pháp luật về bảo vệ dữ liệu cá nhân. Thông báo vi phạm quy định về bảo vệ dữ liệu cá nhân",5,5,4,5,4.75,"The system answer accurately describes the responsibilities of the data controller in the event of a personal data protection violation, aligning with the reference answer. It is relevant to the user's question and provides detailed information about the notification process and cooperation with authorities. While it could be slightly more concise, the level of detail enhances its helpfulness.",reasoning
