question_id,question,answer_a_name,answer_b_name,winner_before_swap,winner_after_swap,winner,reason_before_swap,reason_after_swap,answer_a_len,answer_b_len,evaluation_type
1,Mẫu số 02 thuộc về tổ chức nào?,production_rag,extractive_context_baseline,B,A,B,"Answer B provides the correct reference answer and additional relevant context, while Answer A is too vague and does not specify the organization.","Answer A provides the correct reference to the organization associated with Mẫu số 02, while Answer B is vague and does not specify the organization accurately.",9,72,simple
2,Ai là người chịu trách nhiệm trước pháp luật về tính chính xác và tính hợp pháp của Hồ sơ đánh giá tác động chuyển dữ liệu cá nhân ra nước ngoài?,production_rag,extractive_context_baseline,A,B,A,"Answer A directly identifies the representative of the organization as responsible, aligning closely with the reference. Answer B, while relevant, is more verbose and includes unnecessary repetition, making it less concise.","Answer B is more concise and directly states that the representative of the organization is responsible, aligning closely with the reference answer which implies the organization itself is responsible. Answer A is longer and somewhat repetitive.",41,84,simple
3,Chủ thể dữ liệu có quyền gì?,production_rag,extractive_context_baseline,A,B,A,"Answer A provides a comprehensive list of rights that data subjects have, which aligns with the reference's indication that they have rights and obligations according to the law. Answer B, while accurate, focuses more on specific rights and lacks the breadth of rights mentioned in Answer A.","Answer B provides a more comprehensive list of rights that data subjects have, including specific rights such as the right to know, consent, access, and delete data, which are relevant to the question. Answer A, while accurate, is less concise and does not cover as many rights.",49,142,simple
4,"Ủy ban nhân dân các tỉnh, thành phố trực thuộc trung ương có trách nhiệm gì trong việc bảo vệ dữ liệu cá nhân?",production_rag,extractive_context_baseline,A,B,A,"Answer A is more concise and directly addresses the responsibilities of the local government in managing personal data protection, while Answer B includes additional information that, while relevant, makes it less concise.","Answer B is more concise and includes additional responsibilities such as budgeting and issuing an open data list, which are relevant to the question. Answer A, while accurate, includes extraneous details about international cooperation that are not directly related to the responsibilities of local governments.",68,119,simple
5,Ai đã gửi Hồ sơ đánh giá tác động chuyển dữ liệu cá nhân ra nước ngoài cho Bộ Công an?,production_rag,extractive_context_baseline,B,A,B,"Answer B provides relevant information regarding the responsibilities and obligations related to the transfer of personal data, which is pertinent to the question about who submitted the assessment report. Answer A does not provide any relevant information.","Answer A provides relevant information about the responsibilities related to the transfer of personal data, while Answer B states that no information was found, which is not helpful or relevant to the question.",3,37,simple
6,Có bao nhiêu tài liệu kèm theo?,production_rag,extractive_context_baseline,B,B,tie,"Answer B provides a specific number (4) which is relevant to the question about the number of accompanying documents, while Answer A states 'Không tìm thấy' (Not found), which is not accurate according to the reference.","Answer B is more relevant as it indicates a lack of information, while Answer A provides an incorrect number.",3,2,simple
7,Việc bảo vệ dữ liệu cá nhân ở Việt Nam được thực hiện theo quy định nào?,production_rag,extractive_context_baseline,B,B,tie,"Answer B provides relevant information about the protection of personal data in Vietnam, specifically regarding the transfer of personal data abroad, which relates to the broader context of data protection regulations. Answer A, on the other hand, does not provide any information and is not relevant to the question.","Answer B is concise and directly addresses the question by indicating that no relevant information was found, while Answer A provides excessive detail that does not directly answer the question about regulations for personal data protection in Vietnam.",3,208,simple
8,"Ai là người đôn đốc, kiểm tra, hướng dẫn việc thực hiện Nghị định này?",production_rag,extractive_context_baseline,A,A,tie,"Answer A is factually accurate, directly answers the question, and is concise. Answer B, while providing additional information, includes unnecessary details that make it less concise and slightly less relevant to the specific question.","Answer A provides a complete and detailed response, including additional relevant information about the responsibilities of other officials, while still accurately stating that the Bộ trưởng Bộ Công an is the one overseeing the implementation of the decree. Answer B is correct but less informative.",19,78,simple
9,Hoạt động bảo vệ dữ liệu cá nhân là gì?,production_rag,extractive_context_baseline,B,A,B,"Answer B provides a detailed explanation of personal data protection activities, including specific actions involved in processing personal data, which is relevant to the question. Answer A, on the other hand, states 'Không tìm thấy' (Not found), which does not address the question at all.","Answer A provides a detailed explanation of personal data protection activities, which is relevant to the question. Answer B states 'Not found,' which does not address the question at all.",3,150,simple
10,Các biện pháp bảo vệ dữ liệu cá nhân bao gồm những gì?,production_rag,extractive_context_baseline,A,B,A,"Answer A provides a complete and detailed list of personal data protection measures, including management measures, technical measures, measures by state management agencies, investigative and legal measures, and other legal measures. Answer B is incomplete as it only lists some of the measures without the introductory context or the full range of measures mentioned in the reference.","Answer B includes all the measures listed in the reference answer, providing a complete and accurate response, while Answer A omits the management and technical measures.",110,56,simple
